Workbook

Sheet Instrucciones
A1: Cómo usar esta plantilla
A3: 1. Equipos
A4: Escribe el nombre de cada equipo inscrito en la hoja "Equipos", columna A. Borra la fila de ejemplo cuando tengas tus equipos reales.
A6: 2. Partidos
A7: Cada vez que se juegue un partido, agrega una fila en la hoja "Partidos": fecha, jornada, equipo local, goles del local, equipo visitante, goles del visitante.
A9: 3. Posiciones
A10: No toques nada aquí: la hoja "Posiciones" se recalcula y se ordena sola (PJ, PG, PE, PP, GF, GC, diferencia de gol y puntos) apenas registras un partido. La tabla ya sale ordenada de 1° a último — nunca uses Datos > Ordenar rango sobre ella, porque puede desordenar las fórmulas.
A12: 4. Desempates
A13: El orden se calcula por Puntos, luego Diferencia de gol, luego Goles a favor. Si dos equipos quedan exactamente iguales en todo, se ordenan por el orden en que los escribiste en la hoja Equipos.
A15: 5. Hoja Detalle
A16: Es un cálculo interno que separa cada partido en dos filas (una por equipo). No la edites, pero no la borres: de ahí toma los datos la hoja Posiciones.
A19: Para usarla en Google Sheets: sube este archivo .xlsx a Google Drive y ábrelo — Sheets lo convierte automáticamente y las fórmulas siguen funcionando igual.

Sheet Equipos
A1: Equipo
A2: X-GRAPHICS
A3: GRAFICAJAS
A4: ADH
A5: LEONARD
A6: MACULA DEL MAL
A7: MULTIAVISOS DE LA 12

Sheet Partidos
A1: Fecha | B1: Jornada | C1: Equipo Local | D1: Goles Local | E1: Equipo Visitante | F1: Goles Visitante
A2: 2026-08-15 | B2: 1 | C2: LEONARD | D2: 5 | E2: GRAFICAJAS | F2: 2
A3: 2026-08-15 | B3: 1 | C3: MACULA DEL MAL | D3: 4 | E3: MULTIAVISOS DE LA 12 | F3: 4
A4: 2026-08-15 | B4: 1 | C4: ADH | D4: 6 | E4: X-GRAPHICS | F4: 1

Sheet Detalle
A1: Equipo | B1: GF | C1: GC | D1: Resultado | E1: Puntos
A2: =IF(Partidos!C2="","",Partidos!C2) -> LEONARD | B2: =IF(Partidos!C2="","",Partidos!D2) -> 5 | C2: =IF(Partidos!C2="","",Partidos!F2) -> 2 | D2: =IF(Partidos!C2="","",IF(Partidos!D2>Partidos!F2,"G",IF(Partidos!D2=Partidos!F2,"E","P"))) -> G | E2: =IF(Partidos!C2="","",IF(D2="G",3,IF(D2="E",1,0))) -> 3
A3: =IF(Partidos!E2="","",Partidos!E2) -> GRAFICAJAS | B3: =IF(Partidos!E2="","",Partidos!F2) -> 2 | C3: =IF(Partidos!E2="","",Partidos!D2) -> 5 | D3: =IF(Partidos!E2="","",IF(Partidos!F2>Partidos!D2,"G",IF(Partidos!F2=Partidos!D2,"E","P"))) -> P | E3: =IF(Partidos!E2="","",IF(D3="G",3,IF(D3="E",1,0))) -> 0
A4: =IF(Partidos!C3="","",Partidos!C3) -> MACULA DEL MAL | B4: =IF(Partidos!C3="","",Partidos!D3) -> 4 | C4: =IF(Partidos!C3="","",Partidos!F3) -> 4 | D4: =IF(Partidos!C3="","",IF(Partidos!D3>Partidos!F3,"G",IF(Partidos!D3=Partidos!F3,"E","P"))) -> E | E4: =IF(Partidos!C3="","",IF(D4="G",3,IF(D4="E",1,0))) -> 1
A5: =IF(Partidos!E3="","",Partidos!E3) -> MULTIAVISOS DE LA 12 | B5: =IF(Partidos!E3="","",Partidos!F3) -> 4 | C5: =IF(Partidos!E3="","",Partidos!D3) -> 4 | D5: =IF(Partidos!E3="","",IF(Partidos!F3>Partidos!D3,"G",IF(Partidos!F3=Partidos!D3,"E","P"))) -> E | E5: =IF(Partidos!E3="","",IF(D5="G",3,IF(D5="E",1,0))) -> 1
A6: =IF(Partidos!C4="","",Partidos!C4) -> ADH | B6: =IF(Partidos!C4="","",Partidos!D4) -> 6 | C6: =IF(Partidos!C4="","",Partidos!F4) -> 1 | D6: =IF(Partidos!C4="","",IF(Partidos!D4>Partidos!F4,"G",IF(Partidos!D4=Partidos!F4,"E","P"))) -> G | E6: =IF(Partidos!C4="","",IF(D6="G",3,IF(D6="E",1,0))) -> 3
A7: =IF(Partidos!E4="","",Partidos!E4) -> X-GRAPHICS | B7: =IF(Partidos!E4="","",Partidos!F4) -> 1 | C7: =IF(Partidos!E4="","",Partidos!D4) -> 6 | D7: =IF(Partidos!E4="","",IF(Partidos!F4>Partidos!D4,"G",IF(Partidos!F4=Partidos!D4,"E","P"))) -> P | E7: =IF(Partidos!E4="","",IF(D7="G",3,IF(D7="E",1,0))) -> 0
A8: =IF(Partidos!C5="","",Partidos!C5) | B8: =IF(Partidos!C5="","",Partidos!D5) | C8: =IF(Partidos!C5="","",Partidos!F5) | D8: =IF(Partidos!C5="","",IF(Partidos!D5>Partidos!F5,"G",IF(Partidos!D5=Partidos!F5,"E","P"))) | E8: =IF(Partidos!C5="","",IF(D8="G",3,IF(D8="E",1,0)))
A9: =IF(Partidos!E5="","",Partidos!E5) | B9: =IF(Partidos!E5="","",Partidos!F5) | C9: =IF(Partidos!E5="","",Partidos!D5) | D9: =IF(Partidos!E5="","",IF(Partidos!F5>Partidos!D5,"G",IF(Partidos!F5=Partidos!D5,"E","P"))) | E9: =IF(Partidos!E5="","",IF(D9="G",3,IF(D9="E",1,0)))
A10: =IF(Partidos!C6="","",Partidos!C6) | B10: =IF(Partidos!C6="","",Partidos!D6) | C10: =IF(Partidos!C6="","",Partidos!F6) | D10: =IF(Partidos!C6="","",IF(Partidos!D6>Partidos!F6,"G",IF(Partidos!D6=Partidos!F6,"E","P"))) | E10: =IF(Partidos!C6="","",IF(D10="G",3,IF(D10="E",1,0)))
A11: =IF(Partidos!E6="","",Partidos!E6) | B11: =IF(Partidos!E6="","",Partidos!F6) | C11: =IF(Partidos!E6="","",Partidos!D6) | D11: =IF(Partidos!E6="","",IF(Partidos!F6>Partidos!D6,"G",IF(Partidos!F6=Partidos!D6,"E","P"))) | E11: =IF(Partidos!E6="","",IF(D11="G",3,IF(D11="E",1,0)))
A12: =IF(Partidos!C7="","",Partidos!C7) | B12: =IF(Partidos!C7="","",Partidos!D7) | C12: =IF(Partidos!C7="","",Partidos!F7) | D12: =IF(Partidos!C7="","",IF(Partidos!D7>Partidos!F7,"G",IF(Partidos!D7=Partidos!F7,"E","P"))) | E12: =IF(Partidos!C7="","",IF(D12="G",3,IF(D12="E",1,0)))
A13: =IF(Partidos!E7="","",Partidos!E7) | B13: =IF(Partidos!E7="","",Partidos!F7) | C13: =IF(Partidos!E7="","",Partidos!D7) | D13: =IF(Partidos!E7="","",IF(Partidos!F7>Partidos!D7,"G",IF(Partidos!F7=Partidos!D7,"E","P"))) | E13: =IF(Partidos!E7="","",IF(D13="G",3,IF(D13="E",1,0)))
A14: =IF(Partidos!C8="","",Partidos!C8) | B14: =IF(Partidos!C8="","",Partidos!D8) | C14: =IF(Partidos!C8="","",Partidos!F8) | D14: =IF(Partidos!C8="","",IF(Partidos!D8>Partidos!F8,"G",IF(Partidos!D8=Partidos!F8,"E","P"))) | E14: =IF(Partidos!C8="","",IF(D14="G",3,IF(D14="E",1,0)))
A15: =IF(Partidos!E8="","",Partidos!E8) | B15: =IF(Partidos!E8="","",Partidos!F8) | C15: =IF(Partidos!E8="","",Partidos!D8) | D15: =IF(Partidos!E8="","",IF(Partidos!F8>Partidos!D8,"G",IF(Partidos!F8=Partidos!D8,"E","P"))) | E15: =IF(Partidos!E8="","",IF(D15="G",3,IF(D15="E",1,0)))
A16: =IF(Partidos!C9="","",Partidos!C9) | B16: =IF(Partidos!C9="","",Partidos!D9) | C16: =IF(Partidos!C9="","",Partidos!F9) | D16: =IF(Partidos!C9="","",IF(Partidos!D9>Partidos!F9,"G",IF(Partidos!D9=Partidos!F9,"E","P"))) | E16: =IF(Partidos!C9="","",IF(D16="G",3,IF(D16="E",1,0)))
A17: =IF(Partidos!E9="","",Partidos!E9) | B17: =IF(Partidos!E9="","",Partidos!F9) | C17: =IF(Partidos!E9="","",Partidos!D9) | D17: =IF(Partidos!E9="","",IF(Partidos!F9>Partidos!D9,"G",IF(Partidos!F9=Partidos!D9,"E","P"))) | E17: =IF(Partidos!E9="","",IF(D17="G",3,IF(D17="E",1,0)))
A18: =IF(Partidos!C10="","",Partidos!C10) | B18: =IF(Partidos!C10="","",Partidos!D10) | C18: =IF(Partidos!C10="","",Partidos!F10) | D18: =IF(Partidos!C10="","",IF(Partidos!D10>Partidos!F10,"G",IF(Partidos!D10=Partidos!F10,"E","P"))) | E18: =IF(Partidos!C10="","",IF(D18="G",3,IF(D18="E",1,0)))
A19: =IF(Partidos!E10="","",Partidos!E10) | B19: =IF(Partidos!E10="","",Partidos!F10) | C19: =IF(Partidos!E10="","",Partidos!D10) | D19: =IF(Partidos!E10="","",IF(Partidos!F10>Partidos!D10,"G",IF(Partidos!F10=Partidos!D10,"E","P"))) | E19: =IF(Partidos!E10="","",IF(D19="G",3,IF(D19="E",1,0)))
A20: =IF(Partidos!C11="","",Partidos!C11) | B20: =IF(Partidos!C11="","",Partidos!D11) | C20: =IF(Partidos!C11="","",Partidos!F11) | D20: =IF(Partidos!C11="","",IF(Partidos!D11>Partidos!F11,"G",IF(Partidos!D11=Partidos!F11,"E","P"))) | E20: =IF(Partidos!C11="","",IF(D20="G",3,IF(D20="E",1,0)))
A21: =IF(Partidos!E11="","",Partidos!E11) | B21: =IF(Partidos!E11="","",Partidos!F11) | C21: =IF(Partidos!E11="","",Partidos!D11) | D21: =IF(Partidos!E11="","",IF(Partidos!F11>Partidos!D11,"G",IF(Partidos!F11=Partidos!D11,"E","P"))) | E21: =IF(Partidos!E11="","",IF(D21="G",3,IF(D21="E",1,0)))
A22: =IF(Partidos!C12="","",Partidos!C12) | B22: =IF(Partidos!C12="","",Partidos!D12) | C22: =IF(Partidos!C12="","",Partidos!F12) | D22: =IF(Partidos!C12="","",IF(Partidos!D12>Partidos!F12,"G",IF(Partidos!D12=Partidos!F12,"E","P"))) | E22: =IF(Partidos!C12="","",IF(D22="G",3,IF(D22="E",1,0)))
A23: =IF(Partidos!E12="","",Partidos!E12) | B23: =IF(Partidos!E12="","",Partidos!F12) | C23: =IF(Partidos!E12="","",Partidos!D12) | D23: =IF(Partidos!E12="","",IF(Partidos!F12>Partidos!D12,"G",IF(Partidos!F12=Partidos!D12,"E","P"))) | E23: =IF(Partidos!E12="","",IF(D23="G",3,IF(D23="E",1,0)))
A24: =IF(Partidos!C13="","",Partidos!C13) | B24: =IF(Partidos!C13="","",Partidos!D13) | C24: =IF(Partidos!C13="","",Partidos!F13) | D24: =IF(Partidos!C13="","",IF(Partidos!D13>Partidos!F13,"G",IF(Partidos!D13=Partidos!F13,"E","P"))) | E24: =IF(Partidos!C13="","",IF(D24="G",3,IF(D24="E",1,0)))
A25: =IF(Partidos!E13="","",Partidos!E13) | B25: =IF(Partidos!E13="","",Partidos!F13) | C25: =IF(Partidos!E13="","",Partidos!D13) | D25: =IF(Partidos!E13="","",IF(Partidos!F13>Partidos!D13,"G",IF(Partidos!F13=Partidos!D13,"E","P"))) | E25: =IF(Partidos!E13="","",IF(D25="G",3,IF(D25="E",1,0)))
A26: =IF(Partidos!C14="","",Partidos!C14) | B26: =IF(Partidos!C14="","",Partidos!D14) | C26: =IF(Partidos!C14="","",Partidos!F14) | D26: =IF(Partidos!C14="","",IF(Partidos!D14>Partidos!F14,"G",IF(Partidos!D14=Partidos!F14,"E","P"))) | E26: =IF(Partidos!C14="","",IF(D26="G",3,IF(D26="E",1,0)))
A27: =IF(Partidos!E14="","",Partidos!E14) | B27: =IF(Partidos!E14="","",Partidos!F14) | C27: =IF(Partidos!E14="","",Partidos!D14) | D27: =IF(Partidos!E14="","",IF(Partidos!F14>Partidos!D14,"G",IF(Partidos!F14=Partidos!D14,"E","P"))) | E27: =IF(Partidos!E14="","",IF(D27="G",3,IF(D27="E",1,0)))
A28: =IF(Partidos!C15="","",Partidos!C15) | B28: =IF(Partidos!C15="","",Partidos!D15) | C28: =IF(Partidos!C15="","",Partidos!F15) | D28: =IF(Partidos!C15="","",IF(Partidos!D15>Partidos!F15,"G",IF(Partidos!D15=Partidos!F15,"E","P"))) | E28: =IF(Partidos!C15="","",IF(D28="G",3,IF(D28="E",1,0)))
A29: =IF(Partidos!E15="","",Partidos!E15) | B29: =IF(Partidos!E15="","",Partidos!F15) | C29: =IF(Partidos!E15="","",Partidos!D15) | D29: =IF(Partidos!E15="","",IF(Partidos!F15>Partidos!D15,"G",IF(Partidos!F15=Partidos!D15,"E","P"))) | E29: =IF(Partidos!E15="","",IF(D29="G",3,IF(D29="E",1,0)))
A30: =IF(Partidos!C16="","",Partidos!C16) | B30: =IF(Partidos!C16="","",Partidos!D16) | C30: =IF(Partidos!C16="","",Partidos!F16) | D30: =IF(Partidos!C16="","",IF(Partidos!D16>Partidos!F16,"G",IF(Partidos!D16=Partidos!F16,"E","P"))) | E30: =IF(Partidos!C16="","",IF(D30="G",3,IF(D30="E",1,0)))
A31: =IF(Partidos!E16="","",Partidos!E16) | B31: =IF(Partidos!E16="","",Partidos!F16) | C31: =IF(Partidos!E16="","",Partidos!D16) | D31: =IF(Partidos!E16="","",IF(Partidos!F16>Partidos!D16,"G",IF(Partidos!F16=Partidos!D16,"E","P"))) | E31: =IF(Partidos!E16="","",IF(D31="G",3,IF(D31="E",1,0)))
A32: =IF(Partidos!C17="","",Partidos!C17) | B32: =IF(Partidos!C17="","",Partidos!D17) | C32: =IF(Partidos!C17="","",Partidos!F17) | D32: =IF(Partidos!C17="","",IF(Partidos!D17>Partidos!F17,"G",IF(Partidos!D17=Partidos!F17,"E","P"))) | E32: =IF(Partidos!C17="","",IF(D32="G",3,IF(D32="E",1,0)))
A33: =IF(Partidos!E17="","",Partidos!E17) | B33: =IF(Partidos!E17="","",Partidos!F17) | C33: =IF(Partidos!E17="","",Partidos!D17) | D33: =IF(Partidos!E17="","",IF(Partidos!F17>Partidos!D17,"G",IF(Partidos!F17=Partidos!D17,"E","P"))) | E33: =IF(Partidos!E17="","",IF(D33="G",3,IF(D33="E",1,0)))
A34: =IF(Partidos!C18="","",Partidos!C18) | B34: =IF(Partidos!C18="","",Partidos!D18) | C34: =IF(Partidos!C18="","",Partidos!F18) | D34: =IF(Partidos!C18="","",IF(Partidos!D18>Partidos!F18,"G",IF(Partidos!D18=Partidos!F18,"E","P"))) | E34: =IF(Partidos!C18="","",IF(D34="G",3,IF(D34="E",1,0)))
A35: =IF(Partidos!E18="","",Partidos!E18) | B35: =IF(Partidos!E18="","",Partidos!F18) | C35: =IF(Partidos!E18="","",Partidos!D18) | D35: =IF(Partidos!E18="","",IF(Partidos!F18>Partidos!D18,"G",IF(Partidos!F18=Partidos!D18,"E","P"))) | E35: =IF(Partidos!E18="","",IF(D35="G",3,IF(D35="E",1,0)))
A36: =IF(Partidos!C19="","",Partidos!C19) | B36: =IF(Partidos!C19="","",Partidos!D19) | C36: =IF(Partidos!C19="","",Partidos!F19) | D36: =IF(Partidos!C19="","",IF(Partidos!D19>Partidos!F19,"G",IF(Partidos!D19=Partidos!F19,"E","P"))) | E36: =IF(Partidos!C19="","",IF(D36="G",3,IF(D36="E",1,0)))
A37: =IF(Partidos!E19="","",Partidos!E19) | B37: =IF(Partidos!E19="","",Partidos!F19) | C37: =IF(Partidos!E19="","",Partidos!D19) | D37: =IF(Partidos!E19="","",IF(Partidos!F19>Partidos!D19,"G",IF(Partidos!F19=Partidos!D19,"E","P"))) | E37: =IF(Partidos!E19="","",IF(D37="G",3,IF(D37="E",1,0)))
A38: =IF(Partidos!C20="","",Partidos!C20) | B38: =IF(Partidos!C20="","",Partidos!D20) | C38: =IF(Partidos!C20="","",Partidos!F20) | D38: =IF(Partidos!C20="","",IF(Partidos!D20>Partidos!F20,"G",IF(Partidos!D20=Partidos!F20,"E","P"))) | E38: =IF(Partidos!C20="","",IF(D38="G",3,IF(D38="E",1,0)))
A39: =IF(Partidos!E20="","",Partidos!E20) | B39: =IF(Partidos!E20="","",Partidos!F20) | C39: =IF(Partidos!E20="","",Partidos!D20) | D39: =IF(Partidos!E20="","",IF(Partidos!F20>Partidos!D20,"G",IF(Partidos!F20=Partidos!D20,"E","P"))) | E39: =IF(Partidos!E20="","",IF(D39="G",3,IF(D39="E",1,0)))
A40: =IF(Partidos!C21="","",Partidos!C21) | B40: =IF(Partidos!C21="","",Partidos!D21) | C40: =IF(Partidos!C21="","",Partidos!F21) | D40: =IF(Partidos!C21="","",IF(Partidos!D21>Partidos!F21,"G",IF(Partidos!D21=Partidos!F21,"E","P"))) | E40: =IF(Partidos!C21="","",IF(D40="G",3,IF(D40="E",1,0)))
A41: =IF(Partidos!E21="","",Partidos!E21) | B41: =IF(Partidos!E21="","",Partidos!F21) | C41: =IF(Partidos!E21="","",Partidos!D21) | D41: =IF(Partidos!E21="","",IF(Partidos!F21>Partidos!D21,"G",IF(Partidos!F21=Partidos!D21,"E","P"))) | E41: =IF(Partidos!E21="","",IF(D41="G",3,IF(D41="E",1,0)))
A42: =IF(Partidos!C22="","",Partidos!C22) | B42: =IF(Partidos!C22="","",Partidos!D22) | C42: =IF(Partidos!C22="","",Partidos!F22) | D42: =IF(Partidos!C22="","",IF(Partidos!D22>Partidos!F22,"G",IF(Partidos!D22=Partidos!F22,"E","P"))) | E42: =IF(Partidos!C22="","",IF(D42="G",3,IF(D42="E",1,0)))
A43: =IF(Partidos!E22="","",Partidos!E22) | B43: =IF(Partidos!E22="","",Partidos!F22) | C43: =IF(Partidos!E22="","",Partidos!D22) | D43: =IF(Partidos!E22="","",IF(Partidos!F22>Partidos!D22,"G",IF(Partidos!F22=Partidos!D22,"E","P"))) | E43: =IF(Partidos!E22="","",IF(D43="G",3,IF(D43="E",1,0)))
A44: =IF(Partidos!C23="","",Partidos!C23) | B44: =IF(Partidos!C23="","",Partidos!D23) | C44: =IF(Partidos!C23="","",Partidos!F23) | D44: =IF(Partidos!C23="","",IF(Partidos!D23>Partidos!F23,"G",IF(Partidos!D23=Partidos!F23,"E","P"))) | E44: =IF(Partidos!C23="","",IF(D44="G",3,IF(D44="E",1,0)))
A45: =IF(Partidos!E23="","",Partidos!E23) | B45: =IF(Partidos!E23="","",Partidos!F23) | C45: =IF(Partidos!E23="","",Partidos!D23) | D45: =IF(Partidos!E23="","",IF(Partidos!F23>Partidos!D23,"G",IF(Partidos!F23=Partidos!D23,"E","P"))) | E45: =IF(Partidos!E23="","",IF(D45="G",3,IF(D45="E",1,0)))
A46: =IF(Partidos!C24="","",Partidos!C24) | B46: =IF(Partidos!C24="","",Partidos!D24) | C46: =IF(Partidos!C24="","",Partidos!F24) | D46: =IF(Partidos!C24="","",IF(Partidos!D24>Partidos!F24,"G",IF(Partidos!D24=Partidos!F24,"E","P"))) | E46: =IF(Partidos!C24="","",IF(D46="G",3,IF(D46="E",1,0)))
A47: =IF(Partidos!E24="","",Partidos!E24) | B47: =IF(Partidos!E24="","",Partidos!F24) | C47: =IF(Partidos!E24="","",Partidos!D24) | D47: =IF(Partidos!E24="","",IF(Partidos!F24>Partidos!D24,"G",IF(Partidos!F24=Partidos!D24,"E","P"))) | E47: =IF(Partidos!E24="","",IF(D47="G",3,IF(D47="E",1,0)))
A48: =IF(Partidos!C25="","",Partidos!C25) | B48: =IF(Partidos!C25="","",Partidos!D25) | C48: =IF(Partidos!C25="","",Partidos!F25) | D48: =IF(Partidos!C25="","",IF(Partidos!D25>Partidos!F25,"G",IF(Partidos!D25=Partidos!F25,"E","P"))) | E48: =IF(Partidos!C25="","",IF(D48="G",3,IF(D48="E",1,0)))
A49: =IF(Partidos!E25="","",Partidos!E25) | B49: =IF(Partidos!E25="","",Partidos!F25) | C49: =IF(Partidos!E25="","",Partidos!D25) | D49: =IF(Partidos!E25="","",IF(Partidos!F25>Partidos!D25,"G",IF(Partidos!F25=Partidos!D25,"E","P"))) | E49: =IF(Partidos!E25="","",IF(D49="G",3,IF(D49="E",1,0)))
A50: =IF(Partidos!C26="","",Partidos!C26) | B50: =IF(Partidos!C26="","",Partidos!D26) | C50: =IF(Partidos!C26="","",Partidos!F26) | D50: =IF(Partidos!C26="","",IF(Partidos!D26>Partidos!F26,"G",IF(Partidos!D26=Partidos!F26,"E","P"))) | E50: =IF(Partidos!C26="","",IF(D50="G",3,IF(D50="E",1,0)))
A51: =IF(Partidos!E26="","",Partidos!E26) | B51: =IF(Partidos!E26="","",Partidos!F26) | C51: =IF(Partidos!E26="","",Partidos!D26) | D51: =IF(Partidos!E26="","",IF(Partidos!F26>Partidos!D26,"G",IF(Partidos!F26=Partidos!D26,"E","P"))) | E51: =IF(Partidos!E26="","",IF(D51="G",3,IF(D51="E",1,0)))
A52: =IF(Partidos!C27="","",Partidos!C27) | B52: =IF(Partidos!C27="","",Partidos!D27) | C52: =IF(Partidos!C27="","",Partidos!F27) | D52: =IF(Partidos!C27="","",IF(Partidos!D27>Partidos!F27,"G",IF(Partidos!D27=Partidos!F27,"E","P"))) | E52: =IF(Partidos!C27="","",IF(D52="G",3,IF(D52="E",1,0)))
A53: =IF(Partidos!E27="","",Partidos!E27) | B53: =IF(Partidos!E27="","",Partidos!F27) | C53: =IF(Partidos!E27="","",Partidos!D27) | D53: =IF(Partidos!E27="","",IF(Partidos!F27>Partidos!D27,"G",IF(Partidos!F27=Partidos!D27,"E","P"))) | E53: =IF(Partidos!E27="","",IF(D53="G",3,IF(D53="E",1,0)))
A54: =IF(Partidos!C28="","",Partidos!C28) | B54: =IF(Partidos!C28="","",Partidos!D28) | C54: =IF(Partidos!C28="","",Partidos!F28) | D54: =IF(Partidos!C28="","",IF(Partidos!D28>Partidos!F28,"G",IF(Partidos!D28=Partidos!F28,"E","P"))) | E54: =IF(Partidos!C28="","",IF(D54="G",3,IF(D54="E",1,0)))
A55: =IF(Partidos!E28="","",Partidos!E28) | B55: =IF(Partidos!E28="","",Partidos!F28) | C55: =IF(Partidos!E28="","",Partidos!D28) | D55: =IF(Partidos!E28="","",IF(Partidos!F28>Partidos!D28,"G",IF(Partidos!F28=Partidos!D28,"E","P"))) | E55: =IF(Partidos!E28="","",IF(D55="G",3,IF(D55="E",1,0)))
A56: =IF(Partidos!C29="","",Partidos!C29) | B56: =IF(Partidos!C29="","",Partidos!D29) | C56: =IF(Partidos!C29="","",Partidos!F29) | D56: =IF(Partidos!C29="","",IF(Partidos!D29>Partidos!F29,"G",IF(Partidos!D29=Partidos!F29,"E","P"))) | E56: =IF(Partidos!C29="","",IF(D56="G",3,IF(D56="E",1,0)))
A57: =IF(Partidos!E29="","",Partidos!E29) | B57: =IF(Partidos!E29="","",Partidos!F29) | C57: =IF(Partidos!E29="","",Partidos!D29) | D57: =IF(Partidos!E29="","",IF(Partidos!F29>Partidos!D29,"G",IF(Partidos!F29=Partidos!D29,"E","P"))) | E57: =IF(Partidos!E29="","",IF(D57="G",3,IF(D57="E",1,0)))
A58: =IF(Partidos!C30="","",Partidos!C30) | B58: =IF(Partidos!C30="","",Partidos!D30) | C58: =IF(Partidos!C30="","",Partidos!F30) | D58: =IF(Partidos!C30="","",IF(Partidos!D30>Partidos!F30,"G",IF(Partidos!D30=Partidos!F30,"E","P"))) | E58: =IF(Partidos!C30="","",IF(D58="G",3,IF(D58="E",1,0)))
A59: =IF(Partidos!E30="","",Partidos!E30) | B59: =IF(Partidos!E30="","",Partidos!F30) | C59: =IF(Partidos!E30="","",Partidos!D30) | D59: =IF(Partidos!E30="","",IF(Partidos!F30>Partidos!D30,"G",IF(Partidos!F30=Partidos!D30,"E","P"))) | E59: =IF(Partidos!E30="","",IF(D59="G",3,IF(D59="E",1,0)))
A60: =IF(Partidos!C31="","",Partidos!C31) | B60: =IF(Partidos!C31="","",Partidos!D31) | C60: =IF(Partidos!C31="","",Partidos!F31) | D60: =IF(Partidos!C31="","",IF(Partidos!D31>Partidos!F31,"G",IF(Partidos!D31=Partidos!F31,"E","P"))) | E60: =IF(Partidos!C31="","",IF(D60="G",3,IF(D60="E",1,0)))
A61: =IF(Partidos!E31="","",Partidos!E31) | B61: =IF(Partidos!E31="","",Partidos!F31) | C61: =IF(Partidos!E31="","",Partidos!D31) | D61: =IF(Partidos!E31="","",IF(Partidos!F31>Partidos!D31,"G",IF(Partidos!F31=Partidos!D31,"E","P"))) | E61: =IF(Partidos!E31="","",IF(D61="G",3,IF(D61="E",1,0)))
A62: =IF(Partidos!C32="","",Partidos!C32) | B62: =IF(Partidos!C32="","",Partidos!D32) | C62: =IF(Partidos!C32="","",Partidos!F32) | D62: =IF(Partidos!C32="","",IF(Partidos!D32>Partidos!F32,"G",IF(Partidos!D32=Partidos!F32,"E","P"))) | E62: =IF(Partidos!C32="","",IF(D62="G",3,IF(D62="E",1,0)))
A63: =IF(Partidos!E32="","",Partidos!E32) | B63: =IF(Partidos!E32="","",Partidos!F32) | C63: =IF(Partidos!E32="","",Partidos!D32) | D63: =IF(Partidos!E32="","",IF(Partidos!F32>Partidos!D32,"G",IF(Partidos!F32=Partidos!D32,"E","P"))) | E63: =IF(Partidos!E32="","",IF(D63="G",3,IF(D63="E",1,0)))
A64: =IF(Partidos!C33="","",Partidos!C33) | B64: =IF(Partidos!C33="","",Partidos!D33) | C64: =IF(Partidos!C33="","",Partidos!F33) | D64: =IF(Partidos!C33="","",IF(Partidos!D33>Partidos!F33,"G",IF(Partidos!D33=Partidos!F33,"E","P"))) | E64: =IF(Partidos!C33="","",IF(D64="G",3,IF(D64="E",1,0)))
A65: =IF(Partidos!E33="","",Partidos!E33) | B65: =IF(Partidos!E33="","",Partidos!F33) | C65: =IF(Partidos!E33="","",Partidos!D33) | D65: =IF(Partidos!E33="","",IF(Partidos!F33>Partidos!D33,"G",IF(Partidos!F33=Partidos!D33,"E","P"))) | E65: =IF(Partidos!E33="","",IF(D65="G",3,IF(D65="E",1,0)))
A66: =IF(Partidos!C34="","",Partidos!C34) | B66: =IF(Partidos!C34="","",Partidos!D34) | C66: =IF(Partidos!C34="","",Partidos!F34) | D66: =IF(Partidos!C34="","",IF(Partidos!D34>Partidos!F34,"G",IF(Partidos!D34=Partidos!F34,"E","P"))) | E66: =IF(Partidos!C34="","",IF(D66="G",3,IF(D66="E",1,0)))
A67: =IF(Partidos!E34="","",Partidos!E34) | B67: =IF(Partidos!E34="","",Partidos!F34) | C67: =IF(Partidos!E34="","",Partidos!D34) | D67: =IF(Partidos!E34="","",IF(Partidos!F34>Partidos!D34,"G",IF(Partidos!F34=Partidos!D34,"E","P"))) | E67: =IF(Partidos!E34="","",IF(D67="G",3,IF(D67="E",1,0)))
A68: =IF(Partidos!C35="","",Partidos!C35) | B68: =IF(Partidos!C35="","",Partidos!D35) | C68: =IF(Partidos!C35="","",Partidos!F35) | D68: =IF(Partidos!C35="","",IF(Partidos!D35>Partidos!F35,"G",IF(Partidos!D35=Partidos!F35,"E","P"))) | E68: =IF(Partidos!C35="","",IF(D68="G",3,IF(D68="E",1,0)))
A69: =IF(Partidos!E35="","",Partidos!E35) | B69: =IF(Partidos!E35="","",Partidos!F35) | C69: =IF(Partidos!E35="","",Partidos!D35) | D69: =IF(Partidos!E35="","",IF(Partidos!F35>Partidos!D35,"G",IF(Partidos!F35=Partidos!D35,"E","P"))) | E69: =IF(Partidos!E35="","",IF(D69="G",3,IF(D69="E",1,0)))
A70: =IF(Partidos!C36="","",Partidos!C36) | B70: =IF(Partidos!C36="","",Partidos!D36) | C70: =IF(Partidos!C36="","",Partidos!F36) | D70: =IF(Partidos!C36="","",IF(Partidos!D36>Partidos!F36,"G",IF(Partidos!D36=Partidos!F36,"E","P"))) | E70: =IF(Partidos!C36="","",IF(D70="G",3,IF(D70="E",1,0)))
A71: =IF(Partidos!E36="","",Partidos!E36) | B71: =IF(Partidos!E36="","",Partidos!F36) | C71: =IF(Partidos!E36="","",Partidos!D36) | D71: =IF(Partidos!E36="","",IF(Partidos!F36>Partidos!D36,"G",IF(Partidos!F36=Partidos!D36,"E","P"))) | E71: =IF(Partidos!E36="","",IF(D71="G",3,IF(D71="E",1,0)))
A72: =IF(Partidos!C37="","",Partidos!C37) | B72: =IF(Partidos!C37="","",Partidos!D37) | C72: =IF(Partidos!C37="","",Partidos!F37) | D72: =IF(Partidos!C37="","",IF(Partidos!D37>Partidos!F37,"G",IF(Partidos!D37=Partidos!F37,"E","P"))) | E72: =IF(Partidos!C37="","",IF(D72="G",3,IF(D72="E",1,0)))
A73: =IF(Partidos!E37="","",Partidos!E37) | B73: =IF(Partidos!E37="","",Partidos!F37) | C73: =IF(Partidos!E37="","",Partidos!D37) | D73: =IF(Partidos!E37="","",IF(Partidos!F37>Partidos!D37,"G",IF(Partidos!F37=Partidos!D37,"E","P"))) | E73: =IF(Partidos!E37="","",IF(D73="G",3,IF(D73="E",1,0)))
A74: =IF(Partidos!C38="","",Partidos!C38) | B74: =IF(Partidos!C38="","",Partidos!D38) | C74: =IF(Partidos!C38="","",Partidos!F38) | D74: =IF(Partidos!C38="","",IF(Partidos!D38>Partidos!F38,"G",IF(Partidos!D38=Partidos!F38,"E","P"))) | E74: =IF(Partidos!C38="","",IF(D74="G",3,IF(D74="E",1,0)))
A75: =IF(Partidos!E38="","",Partidos!E38) | B75: =IF(Partidos!E38="","",Partidos!F38) | C75: =IF(Partidos!E38="","",Partidos!D38) | D75: =IF(Partidos!E38="","",IF(Partidos!F38>Partidos!D38,"G",IF(Partidos!F38=Partidos!D38,"E","P"))) | E75: =IF(Partidos!E38="","",IF(D75="G",3,IF(D75="E",1,0)))
A76: =IF(Partidos!C39="","",Partidos!C39) | B76: =IF(Partidos!C39="","",Partidos!D39) | C76: =IF(Partidos!C39="","",Partidos!F39) | D76: =IF(Partidos!C39="","",IF(Partidos!D39>Partidos!F39,"G",IF(Partidos!D39=Partidos!F39,"E","P"))) | E76: =IF(Partidos!C39="","",IF(D76="G",3,IF(D76="E",1,0)))
A77: =IF(Partidos!E39="","",Partidos!E39) | B77: =IF(Partidos!E39="","",Partidos!F39) | C77: =IF(Partidos!E39="","",Partidos!D39) | D77: =IF(Partidos!E39="","",IF(Partidos!F39>Partidos!D39,"G",IF(Partidos!F39=Partidos!D39,"E","P"))) | E77: =IF(Partidos!E39="","",IF(D77="G",3,IF(D77="E",1,0)))
A78: =IF(Partidos!C40="","",Partidos!C40) | B78: =IF(Partidos!C40="","",Partidos!D40) | C78: =IF(Partidos!C40="","",Partidos!F40) | D78: =IF(Partidos!C40="","",IF(Partidos!D40>Partidos!F40,"G",IF(Partidos!D40=Partidos!F40,"E","P"))) | E78: =IF(Partidos!C40="","",IF(D78="G",3,IF(D78="E",1,0)))
A79: =IF(Partidos!E40="","",Partidos!E40) | B79: =IF(Partidos!E40="","",Partidos!F40) | C79: =IF(Partidos!E40="","",Partidos!D40) | D79: =IF(Partidos!E40="","",IF(Partidos!F40>Partidos!D40,"G",IF(Partidos!F40=Partidos!D40,"E","P"))) | E79: =IF(Partidos!E40="","",IF(D79="G",3,IF(D79="E",1,0)))
A80: =IF(Partidos!C41="","",Partidos!C41) | B80: =IF(Partidos!C41="","",Partidos!D41) | C80: =IF(Partidos!C41="","",Partidos!F41) | D80: =IF(Partidos!C41="","",IF(Partidos!D41>Partidos!F41,"G",IF(Partidos!D41=Partidos!F41,"E","P"))) | E80: =IF(Partidos!C41="","",IF(D80="G",3,IF(D80="E",1,0)))
A81: =IF(Partidos!E41="","",Partidos!E41) | B81: =IF(Partidos!E41="","",Partidos!F41) | C81: =IF(Partidos!E41="","",Partidos!D41) | D81: =IF(Partidos!E41="","",IF(Partidos!F41>Partidos!D41,"G",IF(Partidos!F41=Partidos!D41,"E","P"))) | E81: =IF(Partidos!E41="","",IF(D81="G",3,IF(D81="E",1,0)))
A82: =IF(Partidos!C42="","",Partidos!C42) | B82: =IF(Partidos!C42="","",Partidos!D42) | C82: =IF(Partidos!C42="","",Partidos!F42) | D82: =IF(Partidos!C42="","",IF(Partidos!D42>Partidos!F42,"G",IF(Partidos!D42=Partidos!F42,"E","P"))) | E82: =IF(Partidos!C42="","",IF(D82="G",3,IF(D82="E",1,0)))
A83: =IF(Partidos!E42="","",Partidos!E42) | B83: =IF(Partidos!E42="","",Partidos!F42) | C83: =IF(Partidos!E42="","",Partidos!D42) | D83: =IF(Partidos!E42="","",IF(Partidos!F42>Partidos!D42,"G",IF(Partidos!F42=Partidos!D42,"E","P"))) | E83: =IF(Partidos!E42="","",IF(D83="G",3,IF(D83="E",1,0)))
A84: =IF(Partidos!C43="","",Partidos!C43) | B84: =IF(Partidos!C43="","",Partidos!D43) | C84: =IF(Partidos!C43="","",Partidos!F43) | D84: =IF(Partidos!C43="","",IF(Partidos!D43>Partidos!F43,"G",IF(Partidos!D43=Partidos!F43,"E","P"))) | E84: =IF(Partidos!C43="","",IF(D84="G",3,IF(D84="E",1,0)))
A85: =IF(Partidos!E43="","",Partidos!E43) | B85: =IF(Partidos!E43="","",Partidos!F43) | C85: =IF(Partidos!E43="","",Partidos!D43) | D85: =IF(Partidos!E43="","",IF(Partidos!F43>Partidos!D43,"G",IF(Partidos!F43=Partidos!D43,"E","P"))) | E85: =IF(Partidos!E43="","",IF(D85="G",3,IF(D85="E",1,0)))
A86: =IF(Partidos!C44="","",Partidos!C44) | B86: =IF(Partidos!C44="","",Partidos!D44) | C86: =IF(Partidos!C44="","",Partidos!F44) | D86: =IF(Partidos!C44="","",IF(Partidos!D44>Partidos!F44,"G",IF(Partidos!D44=Partidos!F44,"E","P"))) | E86: =IF(Partidos!C44="","",IF(D86="G",3,IF(D86="E",1,0)))
A87: =IF(Partidos!E44="","",Partidos!E44) | B87: =IF(Partidos!E44="","",Partidos!F44) | C87: =IF(Partidos!E44="","",Partidos!D44) | D87: =IF(Partidos!E44="","",IF(Partidos!F44>Partidos!D44,"G",IF(Partidos!F44=Partidos!D44,"E","P"))) | E87: =IF(Partidos!E44="","",IF(D87="G",3,IF(D87="E",1,0)))
A88: =IF(Partidos!C45="","",Partidos!C45) | B88: =IF(Partidos!C45="","",Partidos!D45) | C88: =IF(Partidos!C45="","",Partidos!F45) | D88: =IF(Partidos!C45="","",IF(Partidos!D45>Partidos!F45,"G",IF(Partidos!D45=Partidos!F45,"E","P"))) | E88: =IF(Partidos!C45="","",IF(D88="G",3,IF(D88="E",1,0)))
A89: =IF(Partidos!E45="","",Partidos!E45) | B89: =IF(Partidos!E45="","",Partidos!F45) | C89: =IF(Partidos!E45="","",Partidos!D45) | D89: =IF(Partidos!E45="","",IF(Partidos!F45>Partidos!D45,"G",IF(Partidos!F45=Partidos!D45,"E","P"))) | E89: =IF(Partidos!E45="","",IF(D89="G",3,IF(D89="E",1,0)))
A90: =IF(Partidos!C46="","",Partidos!C46) | B90: =IF(Partidos!C46="","",Partidos!D46) | C90: =IF(Partidos!C46="","",Partidos!F46) | D90: =IF(Partidos!C46="","",IF(Partidos!D46>Partidos!F46,"G",IF(Partidos!D46=Partidos!F46,"E","P"))) | E90: =IF(Partidos!C46="","",IF(D90="G",3,IF(D90="E",1,0)))
A91: =IF(Partidos!E46="","",Partidos!E46) | B91: =IF(Partidos!E46="","",Partidos!F46) | C91: =IF(Partidos!E46="","",Partidos!D46) | D91: =IF(Partidos!E46="","",IF(Partidos!F46>Partidos!D46,"G",IF(Partidos!F46=Partidos!D46,"E","P"))) | E91: =IF(Partidos!E46="","",IF(D91="G",3,IF(D91="E",1,0)))
A92: =IF(Partidos!C47="","",Partidos!C47) | B92: =IF(Partidos!C47="","",Partidos!D47) | C92: =IF(Partidos!C47="","",Partidos!F47) | D92: =IF(Partidos!C47="","",IF(Partidos!D47>Partidos!F47,"G",IF(Partidos!D47=Partidos!F47,"E","P"))) | E92: =IF(Partidos!C47="","",IF(D92="G",3,IF(D92="E",1,0)))
A93: =IF(Partidos!E47="","",Partidos!E47) | B93: =IF(Partidos!E47="","",Partidos!F47) | C93: =IF(Partidos!E47="","",Partidos!D47) | D93: =IF(Partidos!E47="","",IF(Partidos!F47>Partidos!D47,"G",IF(Partidos!F47=Partidos!D47,"E","P"))) | E93: =IF(Partidos!E47="","",IF(D93="G",3,IF(D93="E",1,0)))
A94: =IF(Partidos!C48="","",Partidos!C48) | B94: =IF(Partidos!C48="","",Partidos!D48) | C94: =IF(Partidos!C48="","",Partidos!F48) | D94: =IF(Partidos!C48="","",IF(Partidos!D48>Partidos!F48,"G",IF(Partidos!D48=Partidos!F48,"E","P"))) | E94: =IF(Partidos!C48="","",IF(D94="G",3,IF(D94="E",1,0)))
A95: =IF(Partidos!E48="","",Partidos!E48) | B95: =IF(Partidos!E48="","",Partidos!F48) | C95: =IF(Partidos!E48="","",Partidos!D48) | D95: =IF(Partidos!E48="","",IF(Partidos!F48>Partidos!D48,"G",IF(Partidos!F48=Partidos!D48,"E","P"))) | E95: =IF(Partidos!E48="","",IF(D95="G",3,IF(D95="E",1,0)))
A96: =IF(Partidos!C49="","",Partidos!C49) | B96: =IF(Partidos!C49="","",Partidos!D49) | C96: =IF(Partidos!C49="","",Partidos!F49) | D96: =IF(Partidos!C49="","",IF(Partidos!D49>Partidos!F49,"G",IF(Partidos!D49=Partidos!F49,"E","P"))) | E96: =IF(Partidos!C49="","",IF(D96="G",3,IF(D96="E",1,0)))
A97: =IF(Partidos!E49="","",Partidos!E49) | B97: =IF(Partidos!E49="","",Partidos!F49) | C97: =IF(Partidos!E49="","",Partidos!D49) | D97: =IF(Partidos!E49="","",IF(Partidos!F49>Partidos!D49,"G",IF(Partidos!F49=Partidos!D49,"E","P"))) | E97: =IF(Partidos!E49="","",IF(D97="G",3,IF(D97="E",1,0)))
A98: =IF(Partidos!C50="","",Partidos!C50) | B98: =IF(Partidos!C50="","",Partidos!D50) | C98: =IF(Partidos!C50="","",Partidos!F50) | D98: =IF(Partidos!C50="","",IF(Partidos!D50>Partidos!F50,"G",IF(Partidos!D50=Partidos!F50,"E","P"))) | E98: =IF(Partidos!C50="","",IF(D98="G",3,IF(D98="E",1,0)))
A99: =IF(Partidos!E50="","",Partidos!E50) | B99: =IF(Partidos!E50="","",Partidos!F50) | C99: =IF(Partidos!E50="","",Partidos!D50) | D99: =IF(Partidos!E50="","",IF(Partidos!F50>Partidos!D50,"G",IF(Partidos!F50=Partidos!D50,"E","P"))) | E99: =IF(Partidos!E50="","",IF(D99="G",3,IF(D99="E",1,0)))
A100: =IF(Partidos!C51="","",Partidos!C51) | B100: =IF(Partidos!C51="","",Partidos!D51) | C100: =IF(Partidos!C51="","",Partidos!F51) | D100: =IF(Partidos!C51="","",IF(Partidos!D51>Partidos!F51,"G",IF(Partidos!D51=Partidos!F51,"E","P"))) | E100: =IF(Partidos!C51="","",IF(D100="G",3,IF(D100="E",1,0)))
...

Sheet Posiciones
A1: Equipo | B1: PJ | C1: PG | D1: PE | E1: PP | F1: GF | G1: GC | H1: DG | I1: PTS | J1: Orden | K1: OrdenÚnico | L1: Pos | N1: Pos | O1: Equipo | P1: PJ | Q1: PG | R1: PE | S1: PP | T1: GF | U1: GC | V1: DG | W1: PTS
A2: =IF(Equipos!A2="","",Equipos!A2) -> X-GRAPHICS | B2: =IF($A2="","",COUNTIF(Detalle!$A$2:$A$201,$A2)) -> 1 | C2: =IF($A2="","",COUNTIFS(Detalle!$A$2:$A$201,$A2,Detalle!$D$2:$D$201,"G")) -> 0 | D2: =IF($A2="","",COUNTIFS(Detalle!$A$2:$A$201,$A2,Detalle!$D$2:$D$201,"E")) -> 0 | E2: =IF($A2="","",COUNTIFS(Detalle!$A$2:$A$201,$A2,Detalle!$D$2:$D$201,"P")) -> 1 | F2: =IF($A2="","",SUMIFS(Detalle!$B$2:$B$201,Detalle!$A$2:$A$201,$A2)) -> 1 | G2: =IF($A2="","",SUMIFS(Detalle!$C$2:$C$201,Detalle!$A$2:$A$201,$A2)) -> 6 | H2: =IF($A2="","",F2-G2) -> -5 | I2: =IF($A2="","",SUMIFS(Detalle!$E$2:$E$201,Detalle!$A$2:$A$201,$A2)) -> 0 | J2: =IF($A2="","",I2*1000+H2*10+F2) -> -49 | K2: =IF($A2="","",J2-ROW()/100000) -> -49.00002 | L2: =IF($A2="","",RANK(K2,$K$2:$K$18,0)) -> 6 | N2: =IF((ROW()-1)<=COUNTA(Equipos!$A$2:$A$18),ROW()-1,"") -> 1 | O2: =IFERROR(INDEX($A$2:$A$18,MATCH($N2,$L$2:$L$18,0)),"") -> ADH | P2: =IFERROR(INDEX($B$2:$B$18,MATCH($N2,$L$2:$L$18,0)),"") -> 1 | Q2: =IFERROR(INDEX($C$2:$C$18,MATCH($N2,$L$2:$L$18,0)),"") -> 1 | R2: =IFERROR(INDEX($D$2:$D$18,MATCH($N2,$L$2:$L$18,0)),"") -> 0 | S2: =IFERROR(INDEX($E$2:$E$18,MATCH($N2,$L$2:$L$18,0)),"") -> 0 | T2: =IFERROR(INDEX($F$2:$F$18,MATCH($N2,$L$2:$L$18,0)),"") -> 6 | U2: =IFERROR(INDEX($G$2:$G$18,MATCH($N2,$L$2:$L$18,0)),"") -> 1 | V2: =IFERROR(INDEX($H$2:$H$18,MATCH($N2,$L$2:$L$18,0)),"") -> 5 | W2: =IFERROR(INDEX($I$2:$I$18,MATCH($N2,$L$2:$L$18,0)),"") -> 3
A3: =IF(Equipos!A3="","",Equipos!A3) -> GRAFICAJAS | B3: =IF($A3="","",COUNTIF(Detalle!$A$2:$A$201,$A3)) -> 1 | C3: =IF($A3="","",COUNTIFS(Detalle!$A$2:$A$201,$A3,Detalle!$D$2:$D$201,"G")) -> 0 | D3: =IF($A3="","",COUNTIFS(Detalle!$A$2:$A$201,$A3,Detalle!$D$2:$D$201,"E")) -> 0 | E3: =IF($A3="","",COUNTIFS(Detalle!$A$2:$A$201,$A3,Detalle!$D$2:$D$201,"P")) -> 1 | F3: =IF($A3="","",SUMIFS(Detalle!$B$2:$B$201,Detalle!$A$2:$A$201,$A3)) -> 2 | G3: =IF($A3="","",SUMIFS(Detalle!$C$2:$C$201,Detalle!$A$2:$A$201,$A3)) -> 5 | H3: =IF($A3="","",F3-G3) -> -3 | I3: =IF($A3="","",SUMIFS(Detalle!$E$2:$E$201,Detalle!$A$2:$A$201,$A3)) -> 0 | J3: =IF($A3="","",I3*1000+H3*10+F3) -> -28 | K3: =IF($A3="","",J3-ROW()/100000) -> -28.00003 | L3: =IF($A3="","",RANK(K3,$K$2:$K$18,0)) -> 5 | N3: =IF((ROW()-1)<=COUNTA(Equipos!$A$2:$A$18),ROW()-1,"") -> 2 | O3: =IFERROR(INDEX($A$2:$A$18,MATCH($N3,$L$2:$L$18,0)),"") -> LEONARD | P3: =IFERROR(INDEX($B$2:$B$18,MATCH($N3,$L$2:$L$18,0)),"") -> 1 | Q3: =IFERROR(INDEX($C$2:$C$18,MATCH($N3,$L$2:$L$18,0)),"") -> 1 | R3: =IFERROR(INDEX($D$2:$D$18,MATCH($N3,$L$2:$L$18,0)),"") -> 0 | S3: =IFERROR(INDEX($E$2:$E$18,MATCH($N3,$L$2:$L$18,0)),"") -> 0 | T3: =IFERROR(INDEX($F$2:$F$18,MATCH($N3,$L$2:$L$18,0)),"") -> 5 | U3: =IFERROR(INDEX($G$2:$G$18,MATCH($N3,$L$2:$L$18,0)),"") -> 2 | V3: =IFERROR(INDEX($H$2:$H$18,MATCH($N3,$L$2:$L$18,0)),"") -> 3 | W3: =IFERROR(INDEX($I$2:$I$18,MATCH($N3,$L$2:$L$18,0)),"") -> 3
A4: =IF(Equipos!A4="","",Equipos!A4) -> ADH | B4: =IF($A4="","",COUNTIF(Detalle!$A$2:$A$201,$A4)) -> 1 | C4: =IF($A4="","",COUNTIFS(Detalle!$A$2:$A$201,$A4,Detalle!$D$2:$D$201,"G")) -> 1 | D4: =IF($A4="","",COUNTIFS(Detalle!$A$2:$A$201,$A4,Detalle!$D$2:$D$201,"E")) -> 0 | E4: =IF($A4="","",COUNTIFS(Detalle!$A$2:$A$201,$A4,Detalle!$D$2:$D$201,"P")) -> 0 | F4: =IF($A4="","",SUMIFS(Detalle!$B$2:$B$201,Detalle!$A$2:$A$201,$A4)) -> 6 | G4: =IF($A4="","",SUMIFS(Detalle!$C$2:$C$201,Detalle!$A$2:$A$201,$A4)) -> 1 | H4: =IF($A4="","",F4-G4) -> 5 | I4: =IF($A4="","",SUMIFS(Detalle!$E$2:$E$201,Detalle!$A$2:$A$201,$A4)) -> 3 | J4: =IF($A4="","",I4*1000+H4*10+F4) -> 3056 | K4: =IF($A4="","",J4-ROW()/100000) -> 3056 | L4: =IF($A4="","",RANK(K4,$K$2:$K$18,0)) -> 1 | N4: =IF((ROW()-1)<=COUNTA(Equipos!$A$2:$A$18),ROW()-1,"") -> 3 | O4: =IFERROR(INDEX($A$2:$A$18,MATCH($N4,$L$2:$L$18,0)),"") -> MACULA DEL MAL | P4: =IFERROR(INDEX($B$2:$B$18,MATCH($N4,$L$2:$L$18,0)),"") -> 1 | Q4: =IFERROR(INDEX($C$2:$C$18,MATCH($N4,$L$2:$L$18,0)),"") -> 0 | R4: =IFERROR(INDEX($D$2:$D$18,MATCH($N4,$L$2:$L$18,0)),"") -> 1 | S4: =IFERROR(INDEX($E$2:$E$18,MATCH($N4,$L$2:$L$18,0)),"") -> 0 | T4: =IFERROR(INDEX($F$2:$F$18,MATCH($N4,$L$2:$L$18,0)),"") -> 4 | U4: =IFERROR(INDEX($G$2:$G$18,MATCH($N4,$L$2:$L$18,0)),"") -> 4 | V4: =IFERROR(INDEX($H$2:$H$18,MATCH($N4,$L$2:$L$18,0)),"") -> 0 | W4: =IFERROR(INDEX($I$2:$I$18,MATCH($N4,$L$2:$L$18,0)),"") -> 1
A5: =IF(Equipos!A5="","",Equipos!A5) -> LEONARD | B5: =IF($A5="","",COUNTIF(Detalle!$A$2:$A$201,$A5)) -> 1 | C5: =IF($A5="","",COUNTIFS(Detalle!$A$2:$A$201,$A5,Detalle!$D$2:$D$201,"G")) -> 1 | D5: =IF($A5="","",COUNTIFS(Detalle!$A$2:$A$201,$A5,Detalle!$D$2:$D$201,"E")) -> 0 | E5: =IF($A5="","",COUNTIFS(Detalle!$A$2:$A$201,$A5,Detalle!$D$2:$D$201,"P")) -> 0 | F5: =IF($A5="","",SUMIFS(Detalle!$B$2:$B$201,Detalle!$A$2:$A$201,$A5)) -> 5 | G5: =IF($A5="","",SUMIFS(Detalle!$C$2:$C$201,Detalle!$A$2:$A$201,$A5)) -> 2 | H5: =IF($A5="","",F5-G5) -> 3 | I5: =IF($A5="","",SUMIFS(Detalle!$E$2:$E$201,Detalle!$A$2:$A$201,$A5)) -> 3 | J5: =IF($A5="","",I5*1000+H5*10+F5) -> 3035 | K5: =IF($A5="","",J5-ROW()/100000) -> 3034.9999 | L5: =IF($A5="","",RANK(K5,$K$2:$K$18,0)) -> 2 | N5: =IF((ROW()-1)<=COUNTA(Equipos!$A$2:$A$18),ROW()-1,"") -> 4 | O5: =IFERROR(INDEX($A$2:$A$18,MATCH($N5,$L$2:$L$18,0)),"") -> MULTIAVISOS DE LA 12 | P5: =IFERROR(INDEX($B$2:$B$18,MATCH($N5,$L$2:$L$18,0)),"") -> 1 | Q5: =IFERROR(INDEX($C$2:$C$18,MATCH($N5,$L$2:$L$18,0)),"") -> 0 | R5: =IFERROR(INDEX($D$2:$D$18,MATCH($N5,$L$2:$L$18,0)),"") -> 1 | S5: =IFERROR(INDEX($E$2:$E$18,MATCH($N5,$L$2:$L$18,0)),"") -> 0 | T5: =IFERROR(INDEX($F$2:$F$18,MATCH($N5,$L$2:$L$18,0)),"") -> 4 | U5: =IFERROR(INDEX($G$2:$G$18,MATCH($N5,$L$2:$L$18,0)),"") -> 4 | V5: =IFERROR(INDEX($H$2:$H$18,MATCH($N5,$L$2:$L$18,0)),"") -> 0 | W5: =IFERROR(INDEX($I$2:$I$18,MATCH($N5,$L$2:$L$18,0)),"") -> 1
A6: =IF(Equipos!A6="","",Equipos!A6) -> MACULA DEL MAL | B6: =IF($A6="","",COUNTIF(Detalle!$A$2:$A$201,$A6)) -> 1 | C6: =IF($A6="","",COUNTIFS(Detalle!$A$2:$A$201,$A6,Detalle!$D$2:$D$201,"G")) -> 0 | D6: =IF($A6="","",COUNTIFS(Detalle!$A$2:$A$201,$A6,Detalle!$D$2:$D$201,"E")) -> 1 | E6: =IF($A6="","",COUNTIFS(Detalle!$A$2:$A$201,$A6,Detalle!$D$2:$D$201,"P")) -> 0 | F6: =IF($A6="","",SUMIFS(Detalle!$B$2:$B$201,Detalle!$A$2:$A$201,$A6)) -> 4 | G6: =IF($A6="","",SUMIFS(Detalle!$C$2:$C$201,Detalle!$A$2:$A$201,$A6)) -> 4 | H6: =IF($A6="","",F6-G6) -> 0 | I6: =IF($A6="","",SUMIFS(Detalle!$E$2:$E$201,Detalle!$A$2:$A$201,$A6)) -> 1 | J6: =IF($A6="","",I6*1000+H6*10+F6) -> 1004 | K6: =IF($A6="","",J6-ROW()/100000) -> 1003.9999 | L6: =IF($A6="","",RANK(K6,$K$2:$K$18,0)) -> 3 | N6: =IF((ROW()-1)<=COUNTA(Equipos!$A$2:$A$18),ROW()-1,"") -> 5 | O6: =IFERROR(INDEX($A$2:$A$18,MATCH($N6,$L$2:$L$18,0)),"") -> GRAFICAJAS | P6: =IFERROR(INDEX($B$2:$B$18,MATCH($N6,$L$2:$L$18,0)),"") -> 1 | Q6: =IFERROR(INDEX($C$2:$C$18,MATCH($N6,$L$2:$L$18,0)),"") -> 0 | R6: =IFERROR(INDEX($D$2:$D$18,MATCH($N6,$L$2:$L$18,0)),"") -> 0 | S6: =IFERROR(INDEX($E$2:$E$18,MATCH($N6,$L$2:$L$18,0)),"") -> 1 | T6: =IFERROR(INDEX($F$2:$F$18,MATCH($N6,$L$2:$L$18,0)),"") -> 2 | U6: =IFERROR(INDEX($G$2:$G$18,MATCH($N6,$L$2:$L$18,0)),"") -> 5 | V6: =IFERROR(INDEX($H$2:$H$18,MATCH($N6,$L$2:$L$18,0)),"") -> -3 | W6: =IFERROR(INDEX($I$2:$I$18,MATCH($N6,$L$2:$L$18,0)),"") -> 0
A7: =IF(Equipos!A7="","",Equipos!A7) -> MULTIAVISOS DE LA 12 | B7: =IF($A7="","",COUNTIF(Detalle!$A$2:$A$201,$A7)) -> 1 | C7: =IF($A7="","",COUNTIFS(Detalle!$A$2:$A$201,$A7,Detalle!$D$2:$D$201,"G")) -> 0 | D7: =IF($A7="","",COUNTIFS(Detalle!$A$2:$A$201,$A7,Detalle!$D$2:$D$201,"E")) -> 1 | E7: =IF($A7="","",COUNTIFS(Detalle!$A$2:$A$201,$A7,Detalle!$D$2:$D$201,"P")) -> 0 | F7: =IF($A7="","",SUMIFS(Detalle!$B$2:$B$201,Detalle!$A$2:$A$201,$A7)) -> 4 | G7: =IF($A7="","",SUMIFS(Detalle!$C$2:$C$201,Detalle!$A$2:$A$201,$A7)) -> 4 | H7: =IF($A7="","",F7-G7) -> 0 | I7: =IF($A7="","",SUMIFS(Detalle!$E$2:$E$201,Detalle!$A$2:$A$201,$A7)) -> 1 | J7: =IF($A7="","",I7*1000+H7*10+F7) -> 1004 | K7: =IF($A7="","",J7-ROW()/100000) -> 1003.9999 | L7: =IF($A7="","",RANK(K7,$K$2:$K$18,0)) -> 4 | N7: =IF((ROW()-1)<=COUNTA(Equipos!$A$2:$A$18),ROW()-1,"") -> 6 | O7: =IFERROR(INDEX($A$2:$A$18,MATCH($N7,$L$2:$L$18,0)),"") -> X-GRAPHICS | P7: =IFERROR(INDEX($B$2:$B$18,MATCH($N7,$L$2:$L$18,0)),"") -> 1 | Q7: =IFERROR(INDEX($C$2:$C$18,MATCH($N7,$L$2:$L$18,0)),"") -> 0 | R7: =IFERROR(INDEX($D$2:$D$18,MATCH($N7,$L$2:$L$18,0)),"") -> 0 | S7: =IFERROR(INDEX($E$2:$E$18,MATCH($N7,$L$2:$L$18,0)),"") -> 1 | T7: =IFERROR(INDEX($F$2:$F$18,MATCH($N7,$L$2:$L$18,0)),"") -> 1 | U7: =IFERROR(INDEX($G$2:$G$18,MATCH($N7,$L$2:$L$18,0)),"") -> 6 | V7: =IFERROR(INDEX($H$2:$H$18,MATCH($N7,$L$2:$L$18,0)),"") -> -5 | W7: =IFERROR(INDEX($I$2:$I$18,MATCH($N7,$L$2:$L$18,0)),"") -> 0
A8: =IF(Equipos!A8="","",Equipos!A8) | B8: =IF($A8="","",COUNTIF(Detalle!$A$2:$A$201,$A8)) | C8: =IF($A8="","",COUNTIFS(Detalle!$A$2:$A$201,$A8,Detalle!$D$2:$D$201,"G")) | D8: =IF($A8="","",COUNTIFS(Detalle!$A$2:$A$201,$A8,Detalle!$D$2:$D$201,"E")) | E8: =IF($A8="","",COUNTIFS(Detalle!$A$2:$A$201,$A8,Detalle!$D$2:$D$201,"P")) | F8: =IF($A8="","",SUMIFS(Detalle!$B$2:$B$201,Detalle!$A$2:$A$201,$A8)) | G8: =IF($A8="","",SUMIFS(Detalle!$C$2:$C$201,Detalle!$A$2:$A$201,$A8)) | H8: =IF($A8="","",F8-G8) | I8: =IF($A8="","",SUMIFS(Detalle!$E$2:$E$201,Detalle!$A$2:$A$201,$A8)) | J8: =IF($A8="","",I8*1000+H8*10+F8) | K8: =IF($A8="","",J8-ROW()/100000) | L8: =IF($A8="","",RANK(K8,$K$2:$K$18,0)) | N8: =IF((ROW()-1)<=COUNTA(Equipos!$A$2:$A$18),ROW()-1,"") | O8: =IFERROR(INDEX($A$2:$A$18,MATCH($N8,$L$2:$L$18,0)),"") | P8: =IFERROR(INDEX($B$2:$B$18,MATCH($N8,$L$2:$L$18,0)),"") | Q8: =IFERROR(INDEX($C$2:$C$18,MATCH($N8,$L$2:$L$18,0)),"") | R8: =IFERROR(INDEX($D$2:$D$18,MATCH($N8,$L$2:$L$18,0)),"") | S8: =IFERROR(INDEX($E$2:$E$18,MATCH($N8,$L$2:$L$18,0)),"") | T8: =IFERROR(INDEX($F$2:$F$18,MATCH($N8,$L$2:$L$18,0)),"") | U8: =IFERROR(INDEX($G$2:$G$18,MATCH($N8,$L$2:$L$18,0)),"") | V8: =IFERROR(INDEX($H$2:$H$18,MATCH($N8,$L$2:$L$18,0)),"") | W8: =IFERROR(INDEX($I$2:$I$18,MATCH($N8,$L$2:$L$18,0)),"")
A9: =IF(Equipos!A9="","",Equipos!A9) | B9: =IF($A9="","",COUNTIF(Detalle!$A$2:$A$201,$A9)) | C9: =IF($A9="","",COUNTIFS(Detalle!$A$2:$A$201,$A9,Detalle!$D$2:$D$201,"G")) | D9: =IF($A9="","",COUNTIFS(Detalle!$A$2:$A$201,$A9,Detalle!$D$2:$D$201,"E")) | E9: =IF($A9="","",COUNTIFS(Detalle!$A$2:$A$201,$A9,Detalle!$D$2:$D$201,"P")) | F9: =IF($A9="","",SUMIFS(Detalle!$B$2:$B$201,Detalle!$A$2:$A$201,$A9)) | G9: =IF($A9="","",SUMIFS(Detalle!$C$2:$C$201,Detalle!$A$2:$A$201,$A9)) | H9: =IF($A9="","",F9-G9) | I9: =IF($A9="","",SUMIFS(Detalle!$E$2:$E$201,Detalle!$A$2:$A$201,$A9)) | J9: =IF($A9="","",I9*1000+H9*10+F9) | K9: =IF($A9="","",J9-ROW()/100000) | L9: =IF($A9="","",RANK(K9,$K$2:$K$18,0)) | N9: =IF((ROW()-1)<=COUNTA(Equipos!$A$2:$A$18),ROW()-1,"") | O9: =IFERROR(INDEX($A$2:$A$18,MATCH($N9,$L$2:$L$18,0)),"") | P9: =IFERROR(INDEX($B$2:$B$18,MATCH($N9,$L$2:$L$18,0)),"") | Q9: =IFERROR(INDEX($C$2:$C$18,MATCH($N9,$L$2:$L$18,0)),"") | R9: =IFERROR(INDEX($D$2:$D$18,MATCH($N9,$L$2:$L$18,0)),"") | S9: =IFERROR(INDEX($E$2:$E$18,MATCH($N9,$L$2:$L$18,0)),"") | T9: =IFERROR(INDEX($F$2:$F$18,MATCH($N9,$L$2:$L$18,0)),"") | U9: =IFERROR(INDEX($G$2:$G$18,MATCH($N9,$L$2:$L$18,0)),"") | V9: =IFERROR(INDEX($H$2:$H$18,MATCH($N9,$L$2:$L$18,0)),"") | W9: =IFERROR(INDEX($I$2:$I$18,MATCH($N9,$L$2:$L$18,0)),"")
A10: =IF(Equipos!A10="","",Equipos!A10) | B10: =IF($A10="","",COUNTIF(Detalle!$A$2:$A$201,$A10)) | C10: =IF($A10="","",COUNTIFS(Detalle!$A$2:$A$201,$A10,Detalle!$D$2:$D$201,"G")) | D10: =IF($A10="","",COUNTIFS(Detalle!$A$2:$A$201,$A10,Detalle!$D$2:$D$201,"E")) | E10: =IF($A10="","",COUNTIFS(Detalle!$A$2:$A$201,$A10,Detalle!$D$2:$D$201,"P")) | F10: =IF($A10="","",SUMIFS(Detalle!$B$2:$B$201,Detalle!$A$2:$A$201,$A10)) | G10: =IF($A10="","",SUMIFS(Detalle!$C$2:$C$201,Detalle!$A$2:$A$201,$A10)) | H10: =IF($A10="","",F10-G10) | I10: =IF($A10="","",SUMIFS(Detalle!$E$2:$E$201,Detalle!$A$2:$A$201,$A10)) | J10: =IF($A10="","",I10*1000+H10*10+F10) | K10: =IF($A10="","",J10-ROW()/100000) | L10: =IF($A10="","",RANK(K10,$K$2:$K$18,0)) | N10: =IF((ROW()-1)<=COUNTA(Equipos!$A$2:$A$18),ROW()-1,"") | O10: =IFERROR(INDEX($A$2:$A$18,MATCH($N10,$L$2:$L$18,0)),"") | P10: =IFERROR(INDEX($B$2:$B$18,MATCH($N10,$L$2:$L$18,0)),"") | Q10: =IFERROR(INDEX($C$2:$C$18,MATCH($N10,$L$2:$L$18,0)),"") | R10: =IFERROR(INDEX($D$2:$D$18,MATCH($N10,$L$2:$L$18,0)),"") | S10: =IFERROR(INDEX($E$2:$E$18,MATCH($N10,$L$2:$L$18,0)),"") | T10: =IFERROR(INDEX($F$2:$F$18,MATCH($N10,$L$2:$L$18,0)),"") | U10: =IFERROR(INDEX($G$2:$G$18,MATCH($N10,$L$2:$L$18,0)),"") | V10: =IFERROR(INDEX($H$2:$H$18,MATCH($N10,$L$2:$L$18,0)),"") | W10: =IFERROR(INDEX($I$2:$I$18,MATCH($N10,$L$2:$L$18,0)),"")
A11: =IF(Equipos!A11="","",Equipos!A11) | B11: =IF($A11="","",COUNTIF(Detalle!$A$2:$A$201,$A11)) | C11: =IF($A11="","",COUNTIFS(Detalle!$A$2:$A$201,$A11,Detalle!$D$2:$D$201,"G")) | D11: =IF($A11="","",COUNTIFS(Detalle!$A$2:$A$201,$A11,Detalle!$D$2:$D$201,"E")) | E11: =IF($A11="","",COUNTIFS(Detalle!$A$2:$A$201,$A11,Detalle!$D$2:$D$201,"P")) | F11: =IF($A11="","",SUMIFS(Detalle!$B$2:$B$201,Detalle!$A$2:$A$201,$A11)) | G11: =IF($A11="","",SUMIFS(Detalle!$C$2:$C$201,Detalle!$A$2:$A$201,$A11)) | H11: =IF($A11="","",F11-G11) | I11: =IF($A11="","",SUMIFS(Detalle!$E$2:$E$201,Detalle!$A$2:$A$201,$A11)) | J11: =IF($A11="","",I11*1000+H11*10+F11) | K11: =IF($A11="","",J11-ROW()/100000) | L11: =IF($A11="","",RANK(K11,$K$2:$K$18,0)) | N11: =IF((ROW()-1)<=COUNTA(Equipos!$A$2:$A$18),ROW()-1,"") | O11: =IFERROR(INDEX($A$2:$A$18,MATCH($N11,$L$2:$L$18,0)),"") | P11: =IFERROR(INDEX($B$2:$B$18,MATCH($N11,$L$2:$L$18,0)),"") | Q11: =IFERROR(INDEX($C$2:$C$18,MATCH($N11,$L$2:$L$18,0)),"") | R11: =IFERROR(INDEX($D$2:$D$18,MATCH($N11,$L$2:$L$18,0)),"") | S11: =IFERROR(INDEX($E$2:$E$18,MATCH($N11,$L$2:$L$18,0)),"") | T11: =IFERROR(INDEX($F$2:$F$18,MATCH($N11,$L$2:$L$18,0)),"") | U11: =IFERROR(INDEX($G$2:$G$18,MATCH($N11,$L$2:$L$18,0)),"") | V11: =IFERROR(INDEX($H$2:$H$18,MATCH($N11,$L$2:$L$18,0)),"") | W11: =IFERROR(INDEX($I$2:$I$18,MATCH($N11,$L$2:$L$18,0)),"")
A12: =IF(Equipos!A12="","",Equipos!A12) | B12: =IF($A12="","",COUNTIF(Detalle!$A$2:$A$201,$A12)) | C12: =IF($A12="","",COUNTIFS(Detalle!$A$2:$A$201,$A12,Detalle!$D$2:$D$201,"G")) | D12: =IF($A12="","",COUNTIFS(Detalle!$A$2:$A$201,$A12,Detalle!$D$2:$D$201,"E")) | E12: =IF($A12="","",COUNTIFS(Detalle!$A$2:$A$201,$A12,Detalle!$D$2:$D$201,"P")) | F12: =IF($A12="","",SUMIFS(Detalle!$B$2:$B$201,Detalle!$A$2:$A$201,$A12)) | G12: =IF($A12="","",SUMIFS(Detalle!$C$2:$C$201,Detalle!$A$2:$A$201,$A12)) | H12: =IF($A12="","",F12-G12) | I12: =IF($A12="","",SUMIFS(Detalle!$E$2:$E$201,Detalle!$A$2:$A$201,$A12)) | J12: =IF($A12="","",I12*1000+H12*10+F12) | K12: =IF($A12="","",J12-ROW()/100000) | L12: =IF($A12="","",RANK(K12,$K$2:$K$18,0)) | N12: =IF((ROW()-1)<=COUNTA(Equipos!$A$2:$A$18),ROW()-1,"") | O12: =IFERROR(INDEX($A$2:$A$18,MATCH($N12,$L$2:$L$18,0)),"") | P12: =IFERROR(INDEX($B$2:$B$18,MATCH($N12,$L$2:$L$18,0)),"") | Q12: =IFERROR(INDEX($C$2:$C$18,MATCH($N12,$L$2:$L$18,0)),"") | R12: =IFERROR(INDEX($D$2:$D$18,MATCH($N12,$L$2:$L$18,0)),"") | S12: =IFERROR(INDEX($E$2:$E$18,MATCH($N12,$L$2:$L$18,0)),"") | T12: =IFERROR(INDEX($F$2:$F$18,MATCH($N12,$L$2:$L$18,0)),"") | U12: =IFERROR(INDEX($G$2:$G$18,MATCH($N12,$L$2:$L$18,0)),"") | V12: =IFERROR(INDEX($H$2:$H$18,MATCH($N12,$L$2:$L$18,0)),"") | W12: =IFERROR(INDEX($I$2:$I$18,MATCH($N12,$L$2:$L$18,0)),"")
A13: =IF(Equipos!A13="","",Equipos!A13) | B13: =IF($A13="","",COUNTIF(Detalle!$A$2:$A$201,$A13)) | C13: =IF($A13="","",COUNTIFS(Detalle!$A$2:$A$201,$A13,Detalle!$D$2:$D$201,"G")) | D13: =IF($A13="","",COUNTIFS(Detalle!$A$2:$A$201,$A13,Detalle!$D$2:$D$201,"E")) | E13: =IF($A13="","",COUNTIFS(Detalle!$A$2:$A$201,$A13,Detalle!$D$2:$D$201,"P")) | F13: =IF($A13="","",SUMIFS(Detalle!$B$2:$B$201,Detalle!$A$2:$A$201,$A13)) | G13: =IF($A13="","",SUMIFS(Detalle!$C$2:$C$201,Detalle!$A$2:$A$201,$A13)) | H13: =IF($A13="","",F13-G13) | I13: =IF($A13="","",SUMIFS(Detalle!$E$2:$E$201,Detalle!$A$2:$A$201,$A13)) | J13: =IF($A13="","",I13*1000+H13*10+F13) | K13: =IF($A13="","",J13-ROW()/100000) | L13: =IF($A13="","",RANK(K13,$K$2:$K$18,0)) | N13: =IF((ROW()-1)<=COUNTA(Equipos!$A$2:$A$18),ROW()-1,"") | O13: =IFERROR(INDEX($A$2:$A$18,MATCH($N13,$L$2:$L$18,0)),"") | P13: =IFERROR(INDEX($B$2:$B$18,MATCH($N13,$L$2:$L$18,0)),"") | Q13: =IFERROR(INDEX($C$2:$C$18,MATCH($N13,$L$2:$L$18,0)),"") | R13: =IFERROR(INDEX($D$2:$D$18,MATCH($N13,$L$2:$L$18,0)),"") | S13: =IFERROR(INDEX($E$2:$E$18,MATCH($N13,$L$2:$L$18,0)),"") | T13: =IFERROR(INDEX($F$2:$F$18,MATCH($N13,$L$2:$L$18,0)),"") | U13: =IFERROR(INDEX($G$2:$G$18,MATCH($N13,$L$2:$L$18,0)),"") | V13: =IFERROR(INDEX($H$2:$H$18,MATCH($N13,$L$2:$L$18,0)),"") | W13: =IFERROR(INDEX($I$2:$I$18,MATCH($N13,$L$2:$L$18,0)),"")
... A18: =IF(Equipos!A18="","",Equipos!A18) | B18: =IF($A18="","",COUNTIF(Detalle!$A$2:$A$201,$A18)) | C18: =IF($A18="","",COUNTIFS(Detalle!$A$2:$A$201,$A18,Detalle!$D$2:$D$201,"G")) | D18: =IF($A18="","",COUNTIFS(Detalle!$A$2:$A$201,$A18,Detalle!$D$2:$D$201,"E")) | E18: =IF($A18="","",COUNTIFS(Detalle!$A$2:$A$201,$A18,Detalle!$D$2:$D$201,"P")) | F18: =IF($A18="","",SUMIFS(Detalle!$B$2:$B$201,Detalle!$A$2:$A$201,$A18)) | G18: =IF($A18="","",SUMIFS(Detalle!$C$2:$C$201,Detalle!$A$2:$A$201,$A18)) | H18: =IF($A18="","",F18-G18) | I18: =IF($A18="","",SUMIFS(Detalle!$E$2:$E$201,Detalle!$A$2:$A$201,$A18)) | J18: =IF($A18="","",I18*1000+H18*10+F18) | K18: =IF($A18="","",J18-ROW()/100000) | L18: =IF($A18="","",RANK(K18,$K$2:$K$18,0)) | N18: =IF((ROW()-1)<=COUNTA(Equipos!$A$2:$A$18),ROW()-1,"") | O18: =IFERROR(INDEX($A$2:$A$18,MATCH($N18,$L$2:$L$18,0)),"") | P18: =IFERROR(INDEX($B$2:$B$18,MATCH($N18,$L$2:$L$18,0)),"") | Q18: =IFERROR(INDEX($C$2:$C$18,MATCH($N18,$L$2:$L$18,0)),"") | R18: =IFERROR(INDEX($D$2:$D$18,MATCH($N18,$L$2:$L$18,0)),"") | S18: =IFERROR(INDEX($E$2:$E$18,MATCH($N18,$L$2:$L$18,0)),"") | T18: =IFERROR(INDEX($F$2:$F$18,MATCH($N18,$L$2:$L$18,0)),"") | U18: =IFERROR(INDEX($G$2:$G$18,MATCH($N18,$L$2:$L$18,0)),"") | V18: =IFERROR(INDEX($H$2:$H$18,MATCH($N18,$L$2:$L$18,0)),"") | W18: =IFERROR(INDEX($I$2:$I$18,MATCH($N18,$L$2:$L$18,0)),"")
N20: Esta tabla se ordena sola. No uses Datos > Ordenar rango aquí — con fórmulas dentro, ordenar manualmente puede desordenar los datos.
